ubicacion,pos_x,pos_y,pos_z,orientacion_x,orientacion_y,orientacion_z,orientacion_w
cocina,-3.00010331791,1.00048985731,-0.00100139286046,-2.19366934429e-05,0.00385304579135,0.00386101518806,0.999985122949
cocina,-3.0001041355,1.00049443695,-0.00100139286035,-2.20760441346e-05,0.0038530449949,0.0038971810289,0.999984982656
0,0,0,0,0,0,0,0
1,1,1,1,1,1,1,1
2,2,2,2,2,2,2,2
